model,scenario,region,category,policy_category,year,capacity_electricity_coal,investment_energy_supply_electricity_coal,om_cost_fixed_electricity_coal_w_o_ccs,price_carbon,price_primary_energy_coal,price_secondary_energy_electricity,primary_energy_coal_electricity,secondary_energy_electricity_coal,policy_category_coarse,revenue,capex,cost_fuel,cost_om,cost_carbonprice,opex,profit_opexonly,profit,time_from_baseyear,discount_factor,profit_pv
REMIND-MAgPIE 2.1-4.2,EN_INDCi2030_800f,USA,C3,P3b,2020,224.6969,0.0039,71.7169,26.786900000000003,1.7543,21.3421,11.0944,4.2526,Delayed action,90759414460,0.0039,19462905920,16114565107.61,27845637340.88889,63423108368.498886,27336306091.501114,27336306091.497215,0,1,27336306091.497215
REMIND-MAgPIE 2.1-4.2,EN_INDCi2030_800f,USA,C3,P3b,2021,193.28608,0.00622,71.58941999999999,42.85914,1.78082,23.21344,9.56986,3.67092,Delayed action,85214681164.8,0.00622,17042198085.2,13837238361.273598,38459049251.03999,69338485697.5136,15876195467.286407,15876195467.280188,1,0.9523809523809523,15120186159.314463
REMIND-MAgPIE 2.1-4.2,EN_INDCi2030_800f,USA,C3,P3b,2022,161.87526,0.00853999999999999,71.46194,58.93138,1.80734,25.08478,8.04532,3.08924,Delayed action,77492905767.20001,0.00853999999999999,14540628648.800001,11567920117.6044,44501887552.51556,70610436318.91995,6882469448.28006,6882469448.27152,2,0.9070294784580498,6242602674.169178
REMIND-MAgPIE 2.1-4.2,EN_INDCi2030_800f,USA,C3,P3b,2023,130.46444,0.01085999999999999,71.33445999999999,75.00362,1.83386,26.95612,6.52078,2.50756,Delayed action,67594088267.2,0.01085999999999999,11958197610.800001,9306610376.6024,45974152245.315544,67238960232.71794,355128034.48205566,355128034.47119564,3,0.863837598531476,306772948.46880084
REMIND-MAgPIE 2.1-4.2,EN_INDCi2030_800f,USA,C3,P3b,2024,99.05362,0.01318,71.20698,91.07586,1.86038,28.82746,4.99624,1.92588,Delayed action,55518228664.8,0.01318,9294904971.2,7053309138.2676,42875843329.44,59224057438.90761,-3705828774.107605,-3705828774.1207848,4,0.8227024747918819,-3048794503.6241355
REMIND-MAgPIE 2.1-4.2,EN_INDCi2030_800f,USA,C3,P3b,2025,67.6428,0.0155,71.0795,107.1481,1.8869,30.6988,3.4717,1.3442,Delayed action,41265326960,0.0155,6550750730,4808016402.599999,35206960804.888885,46565727937.488884,-5300400977.488884,-5300400977.504384,5,0.7835261664684589,-4153002858.649682
REMIND-MAgPIE 2.1-4.2,EN_INDCi2030_800f,USA,C3,P3b,2026,54.27101999999999,0.0171,70.95204,107.4449,1.88518,30.10552,2.7849999999999997,1.07834,Delayed action,32463986436.800003,0.0171,5250226299.999999,3850639581.8807993,28321854847.244446,37422720729.125244,-4958734292.325241,-4958734292.342341,6,0.7462153966366275,-3700283876.7758865
REMIND-MAgPIE 2.1-4.2,EN_INDCi2030_800f,USA,C3,P3b,2027,40.89923999999999,0.0187,70.82458,107.7417,1.88346,29.51224,2.0982999999999996,0.81248,Delayed action,23978104755.2,0.0187,3952064117.999999,2896671495.3191996,21398172012.8,28246907626.119198,-4268802870.919197,-4268802870.937897,7,0.7106813301301214,-3033758502.3814254
REMIND-MAgPIE 2.1-4.2,EN_INDCi2030_800f,USA,C3,P3b,2028,27.52746,0.0203,70.69712,108.0385,1.88174,28.91896,1.4116,0.54662,Delayed action,15807681915.2,0.0203,2656264184,1946112142.9152,14435912301.555553,19038288628.470753,-3230606713.270752,-3230606713.291052,8,0.676839362028687,-2186601786.789509
REMIND-MAgPIE 2.1-4.2,EN_INDCi2030_800f,USA,C3,P3b,2029,14.155679999999997,0.0219,70.56966,108.3353,1.88002,28.32568,0.7248999999999994,0.2807599999999999,Delayed action,7952717916.799997,0.0219,1362826497.999999,998961524.6687998,7435075713.5111065,9796863736.179905,-1844145819.3799076,-1844145819.4018075,9,0.6446089162177971,-1188752837.9921806
REMIND-MAgPIE 2.1-4.2,EN_INDCi2030_800f,USA,C3,P3b,2030,0.7839,0.0235,70.4422,108.6321,1.8783,27.7324,0.0382,0.0149,Delayed action,413212760,0.0235,71751060,55219640.580000006,395662248.6666666,522632949.24666667,-109420189.24666667,-109420189.27016667,10,0.6139132535407591,-67174504.39789368
REMIND-MAgPIE 2.1-4.2,EN_INDCi2030_800f,USA,C3,P3b,2031,0.74294,0.02348,70.31474,117.231,1.80426,26.03242,0.03614,0.01412,Delayed action,367577770.40000004,0.02348,65205956.4,52239632.935600005,404629309.3333333,522074898.66893333,-154497128.2689333,-154497128.2924133,11,0.5846792890864372,-90331271.13590428
REMIND-MAgPIE 2.1-4.2,EN_INDCi2030_800f,USA,C3,P3b,2032,0.70198,0.02346,70.18728,125.8299,1.73022,24.33244,0.03408,0.01334,Delayed action,324594749.59999996,0.02346,58965897.6,49270066.8144,410317322.79999995,518553287.21439993,-193958537.61439997,-193958537.63785997,12,0.5568374181775593,-108003371.3317609
REMIND-MAgPIE 2.1-4.2,EN_INDCi2030_800f,USA,C3,P3b,2033,0.6610199999999999,0.02344,70.05982,134.4288,1.65618,22.63246,0.03202,0.01256,Delayed action,284263697.6,0.02344,53030883.6,46310942.2164,412726289.0666666,512068114.8830666,-227804417.28306657,-227804417.30650657,13,0.5303213506452945,-120809546.26895086
REMIND-MAgPIE 2.1-4.2,EN_INDCi2030_800f,USA,C3,P3b,2034,0.62005999999999994,0.02342,69.93236,143.02769999999998,1.58214,20.93248,0.02996,0.01177999999999999,Delayed action,246584614.3999998,0.02342,47400914.4,43362259.1416,411856208.13333285,502619381.67493284,-256034767.27493304,-256034767.29835305,14,0.5050679529955185,-129314955.8150631
REMIND-MAgPIE 2.1-4.2,EN_INDCi2030_800f,USA,C3,P3b,2035,0.5791,0.0234,69.8049,151.6266,1.5081,19.2325,0.0279,0.011,Delayed action,211557500,0.0234,42075990,40424017.589999996,407707079.99999994,490207087.5899999,-278649587.5899999,-278649587.6133999,15,0.48101709809097004,-134035216.01804315
REMIND-MAgPIE 2.1-4.2,EN_INDCi2030_800f,USA,C3,P3b,2036,0.5397799999999999,0.02336,69.67742,160.0051,1.38732,18.56596,0.02598,0.01026,Delayed action,190486749.6,0.02336,36042573.6,37610477.76759999,401292790.8,474945842.16760004,-284459092.5676,-284459092.59096,16,0.4581115219914,-130313987.85113727
REMIND-MAgPIE 2.1-4.2,EN_INDCi2030_800f,USA,C3,P3b,2037,0.5004599999999999,0.02332,69.54994,168.3836,1.26654,17.899420000000003,0.02406,0.00951999999999999,Delayed action,170402478.39999986,0.02332,30472952.400000002,34806962.972399995,391847346.4888885,457127261.8612885,-286724783.46128863,-286724783.48460865,17,0.4362966876108571,-125097073.29027493
REMIND-MAgPIE 2.1-4.2,EN_INDCi2030_800f,USA,C3,P3b,2038,0.46114,0.02328,69.42246,176.7621,1.14576,17.23288,0.02214,0.00878,Delayed action,151304686.4,0.02328,25367126.4,32013473.2044,379370747.06666666,436751346.67106664,-285446660.27106667,-285446660.2943467,18,0.41552065486748296,-118608983.21524288
REMIND-MAgPIE 2.1-4.2,EN_INDCi2030_800f,USA,C3,P3b,2039,0.42182,0.02324,69.29498000000001,185.1406,1.02498,16.56634,0.02022,0.00804,Delayed action,133193373.60000001,0.02324,20725095.599999998,29230008.463600006,363862992.5333333,413818096.5969333,-280624722.9969333,-280624723.02017325,19,0.39573395701665043,-111052732.07747467
REMIND-MAgPIE 2.1-4.2,EN_INDCi2030_800f,USA,C3,P3b,2040,0.3825,0.0232,69.1675,193.5191,0.9042,15.8998,0.0183,0.0073,Delayed action,116068540,0.0232,16546860,26456568.75,345324082.8888889,388327511.6388889,-272258971.6388889,-272258971.6620889,20,0.3768894828730004,-102611543.03725955
REMIND-MAgPIE 2.1-4.2,EN_INDCi2030_800f,USA,C3,P3b,2041,0.34632,0.02336,69.04004,204.2124,0.9307,15.83812,0.01656,0.0066,Delayed action,104531592,0.02336,15412391.999999998,23909946.6528,329462671.99999994,368785010.65279996,-264253418.65279996,-264253418.67615998,21,0.35894236464095275,-94851746.96407656
REMIND-MAgPIE 2.1-4.2,EN_INDCi2030_800f,USA,C3,P3b,2042,0.31013999999999997,0.02352,68.91258,214.9057,0.9572,15.77644,0.01482,0.0059,Delayed action,93080996,0.02352,14185704,21372547.561199997,309941776.22222215,345500027.7834221,-252419031.7834221,-252419031.8069421,22,0.3418498710866216,-86289413.483013
REMIND-MAgPIE 2.1-4.2,EN_INDCi2030_800f,USA,C3,P3b,2043,0.27396,0.02368,68.78511999999999,225.599,0.9837,15.71476,0.01308,0.0052,Delayed action,81716752,0.02368,12866796,18844371.475199994,286761395.5555555,318472563.0307555,-236755811.03075552,-236755811.05443552,23,0.3255713057967825,-77080898.55996889
REMIND-MAgPIE 2.1-4.2,EN_INDCi2030_800f,USA,C3,P3b,2044,0.23778,0.02384,68.65765999999999,236.2923,1.0102,15.65308,0.01134,0.0045,Delayed action,70438860,0.02384,11455668,16325418.3948,259921529.99999997,287702616.39479995,-217263756.39479995,-217263756.41863996,24,0.31006791028264996,-67366518.93288636
REMIND-MAgPIE 2.1-4.2,EN_INDCi2030_800f,USA,C3,P3b,2045,0.2016,0.024,68.5302,246.9856,1.0367,15.5914,0.0096,0.0038,Delayed action,59247320,0.024,9952320,13815688.32,229422179.55555555,253190187.87555555,-193942867.87555555,-193942867.89955553,25,0.29530277169776187,-57271866.44175164
REMIND-MAgPIE 2.1-4.2,EN_INDCi2030_800f,USA,C3,P3b,2046,0.17362,0.02466,68.40271999999999,260.63282000000004,1.0755,15.62842,0.00826,0.00328,Delayed action,51261217.6,0.02466,8883630,11876080.246399997,208969603.23555556,229729313.48195556,-178468095.88195556,-178468095.90661556,26,0.28124073495024937,-50192498.45794815
REMIND-MAgPIE 2.1-4.2,EN_INDCi2030_800f,USA,C3,P3b,2047,0.14564,0.02532,68.27524,274.28004000000004,1.1142999999999998,15.66544,0.00691999999999999,0.00276,Delayed action,43236614.4,0.02532,7710955.999999988,9943605.953599999,185047600.32000002,202702162.2736,-159465547.8736,-159465547.89892,27,0.26784831900023753,-42712578.94317758
REMIND-MAgPIE 2.1-4.2,EN_INDCi2030_800f,USA,C3,P3b,2048,0.11766,0.02598,68.14775999999999,287.92726000000005,1.1531,15.70246,0.00558,0.00224,Delayed action,35173510.4,0.02598,6434298,8018265.441599999,157656170.8088889,172108734.2504889,-136935223.8504889,-136935223.8764689,28,0.2550936371430833,-34931304.311650835
REMIND-MAgPIE 2.1-4.2,EN_INDCi2030_800f,USA,C3,P3b,2049,0.08968,0.02664,68.02028,301.57448000000005,1.1919,15.73948,0.00423999999999999,0.00172,Delayed action,27071905.599999998,0.02664,5053655.999999989,6100058.710399999,126795314.70222223,137949029.4126222,-110877123.81262222,-110877123.83926222,29,0.24294632108865077,-26937189.329639494
REMIND-MAgPIE 2.1-4.2,EN_INDCi2030_800f,USA,C3,P3b,2050,0.0617,0.0273,67.8928,315.22170000000006,1.2307,15.7765,0.0029,0.0012,Delayed action,18931800,0.0273,3569029.9999999995,4188985.76,92465032.00000001,100223047.76000002,-81291247.76000002,-81291247.78730002,30,0.23137744865585788,-18808961.511076633
REMIND-MAgPIE 2.1-4.2,EN_INDCi2030_800f,USA,C3,P3b,2051,0.05062,0.02634,67.76534,328.86882,1.25124,15.68894,0.00237999999999999,9.8e-4,Delayed action,15375161.2,0.02634,2977951.1999999876,3430281.5108,78782352.88,85190585.59079999,-69815424.39079998,-69815424.41713998,31,0.22035947491034083,-15384490.265203554
REMIND-MAgPIE 2.1-4.2,EN_INDCi2030_800f,USA,C3,P3b,2052,0.03954,0.02538,67.63788,342.51594,1.27178,15.60138,0.00185999999999999,7.599999999999999e-4,Delayed action,11857048.799999999,0.02538,2365510.7999999872,2674401.7752,63631850.186666645,68671762.76186663,-56814713.96186663,-56814713.98724663,32,0.20986616658127696,-11923486.229915109
REMIND-MAgPIE 2.1-4.2,EN_INDCi2030_800f,USA,C3,P3b,2053,0.02846,0.02442,67.51042,356.16306000000003,1.29232,15.51382,0.00133999999999999,5.4e-4,Delayed action,8377462.8,0.02442,1731708.7999999872,1921346.5532,47013523.92,50666579.27319999,-42289116.47319999,-42289116.497619994,33,0.19987253960121615,-8452433.111870995
REMIND-MAgPIE 2.1-4.2,EN_INDCi2030_800f,USA,C3,P3b,2054,0.01738,0.02345999999999999,67.38296,369.81018,1.31286,15.42626,8.2e-4,3.1999999999999997e-4,Delayed action,4936403.199999999,0.02345999999999999,1076545.2,1171115.8448,28927374.079999994,31175035.124799997,-26238631.924799997,-26238631.948259998,34,0.19035479962020585,-4994649.526819363
REMIND-MAgPIE 2.1-4.2,EN_INDCi2030_800f,USA,C3,P3b,2055,0.0063,0.0225,67.2555,383.4573,1.3334,15.3387,3e-4,1e-4,Delayed action,1533870,0.0225,400019.99999999994,423709.65,9373400.666666666,10197130.316666666,-8663260.316666666,-8663260.339166667,35,0.181290285352577,-1570564.9389711882
REMIND-MAgPIE 2.1-4.2,EN_INDCi2030_800f,USA,C3,P3b,2056,0.00624,0.02264,67.12806,397.10456,1.36412,15.30922,3e-4,1e-4,Delayed action,1530922,0.02264,409235.99999999994,418879.0944,9707000.355555555,10535115.449955555,-9004193.449955555,-9004193.472595554,36,0.1726574146215019,-1554640.7657301514
REMIND-MAgPIE 2.1-4.2,EN_INDCi2030_800f,USA,C3,P3b,2057,0.00618,0.02277999999999999,67.00062,410.75182,1.39484,15.27974,3e-4,1e-4,Delayed action,1527974,0.02277999999999999,418451.99999999994,414063.8316,10040600.044444446,10873115.876044445,-9345141.876044445,-9345141.898824444,37,0.16443563297285893,-1536674.3233543823
REMIND-MAgPIE 2.1-4.2,EN_INDCi2030_800f,USA,C3,P3b,2058,0.00612,0.02292,66.87318,424.39908,1.42556,15.25026,3e-4,1e-4,Delayed action,1525026,0.02292,427667.99999999994,409263.8616,10374199.733333334,11211131.594933335,-9686105.594933335,-9686105.617853334,38,0.15660536473605613,-1516896.1031558837
REMIND-MAgPIE 2.1-4.2,EN_INDCi2030_800f,USA,C3,P3b,2059,0.00606,0.02305999999999999,66.74574,438.04634,1.45628,15.22078,3e-4,1e-4,Delayed action,1522078,0.02305999999999999,436883.99999999994,404479.1844,10707799.422222223,11549162.606622223,-10027084.606622223,-10027084.629682222,39,0.14914796641529154,-1495519.2815911302
REMIND-MAgPIE 2.1-4.2,EN_INDCi2030_800f,USA,C3,P3b,2060,0.006,0.0232,66.6183,451.6936,1.487,15.1913,3e-4,1e-4,Delayed action,1519130,0.0232,446099.99999999994,399709.80000000005,11041399.111111112,11887208.911111113,-10368078.911111113,-10368078.934311112,40,0.14204568230027764,-1472740.8463673575
REMIND-MAgPIE 2.1-4.2,EN_INDCi2030_800f,USA,C3,P3b,2061,0.00602,0.02311999999999999,66.49083,465.34104,1.50848,15.12973,3e-4,1e-4,Delayed action,1512973,0.02311999999999999,452543.99999999994,400274.7966,11375003.200000001,12227821.996600002,-10714848.996600002,-10714849.019720001,41,0.13528160219074062,-1449521.9426196082
REMIND-MAgPIE 2.1-4.2,EN_INDCi2030_800f,USA,C3,P3b,2062,0.00604,0.02303999999999999,66.36336,478.98848,1.5299600000000002,15.06816,3e-4,1e-4,Delayed action,1506816,0.02303999999999999,458988.00000000006,400834.69440000004,11708607.288888888,12568429.983288888,-11061613.983288888,-11061614.006328888,42,0.12883962113403868,-1425174.1577063897
REMIND-MAgPIE 2.1-4.2,EN_INDCi2030_800f,USA,C3,P3b,2063,0.00606,0.02295999999999999,66.23589,492.63592,1.5514400000000002,15.00659,3e-4,1e-4,Delayed action,1500659,0.02295999999999999,465432.00000000006,401389.49340000004,12042211.377777778,12909032.871177778,-11408373.871177778,-11408373.894137777,43,0.12270440108003683,-1399857.6859773034
REMIND-MAgPIE 2.1-4.2,EN_INDCi2030_800f,USA,C3,P3b,2064,0.00608,0.02287999999999999,66.10842,506.28336,1.57292,14.94502,3e-4,1e-4,Delayed action,1494502,0.02287999999999999,471875.99999999994,401939.1936,12375815.466666667,13249630.660266668,-11755128.660266668,-11755128.683146667,44,0.11686133436193984,-1373720.023508832
REMIND-MAgPIE 2.1-4.2,EN_INDCi2030_800f,USA,C3,P3b,2065,0.00609999999999999,0.0228,65.980950000000007,519.9308,1.5944000000000005,14.88345,3e-4,1e-4,Delayed action,1488345,0.0228,478320.0000000001,402483.7949999994,12709419.555555556,13590223.350555556,-12101878.350555556,-12101878.373355556,45,0.11129650891613317,-1346896.8142821258
REMIND-MAgPIE 2.1-4.2,EN_INDCi2030_800f,USA,C3,P3b,2066,0.00612,0.02272,65.85348,533.57824,1.6158800000000002,14.82188,3e-4,1e-4,Delayed action,1482188,0.02272,484764,403023.2976,13043023.644444447,13930810.942044446,-12448622.942044446,-12448622.964764446,46,0.10599667515822206,-1319512.64456332
REMIND-MAgPIE 2.1-4.2,EN_INDCi2030_800f,USA,C3,P3b,2067,0.00614,0.02264,65.72601,547.22568,1.63736,14.76031,3e-4,1e-4,Delayed action,1476031,0.02264,491207.99999999994,403557.70139999996,13376627.733333334,14271393.434733335,-12795362.434733335,-12795362.457373334,47,0.10094921443640195,-1291681.7885008678
REMIND-MAgPIE 2.1-4.2,EN_INDCi2030_800f,USA,C3,P3b,2068,0.00616,0.02256,65.59854,560.87312,1.65884,14.69874,3e-4,1e-4,Delayed action,1469874,0.02256,497651.99999999994,404087.00639999995,13710231.822222222,14611970.828622222,-13142096.828622222,-13142096.851182222,48,0.09614210898704947,-1263508.9077847209
REMIND-MAgPIE 2.1-4.2,EN_INDCi2030_800f,USA,C3,P3b,2069,0.00618,0.02248,65.47107,574.52056,1.6803200000000005,14.63717,3e-4,1e-4,Delayed action,1463717,0.02248,504096.0000000001,404611.21259999997,14043835.911111113,14952543.123711113,-13488826.123711113,-13488826.146191113,49,0.0915639133209995,-1235089.7080518748
REMIND-MAgPIE 2.1-4.2,EN_INDCi2030_800f,USA,C3,P3b,2070,0.0062,0.0224,65.3436,588.168,1.7018000000000002,14.5756,3e-4,1e-4,Delayed action,1457560,0.0224,510540,405130.31999999995,14377440,15293110.32,-13835550.32,-13835550.3424,50,0.08720372697238048,-1206511.5545712747
REMIND-MAgPIE 2.1-4.2,EN_INDCi2030_800f,USA,C3,P3b,2071,0.00626,0.02273,65.3436,601.81461,1.71948,14.42248,3.1e-4,1e-4,Delayed action,1442248,0.02273,533038.8,409050.9359999999,14711023.8,15653113.536,-14210865.536,-14210865.55873,51,0.08305116854512426,-1180228.9906901866
REMIND-MAgPIE 2.1-4.2,EN_INDCi2030_800f,USA,C3,P3b,2072,0.00632,0.02306,65.3436,615.46122,1.7371600000000005,14.26936,3.1999999999999997e-4,1e-4,Delayed action,1426936,0.02306,555891.2000000001,412971.55199999997,15044607.600000001,16013470.352000002,-14586534.352000002,-14586534.375060001,52,0.07909635099535643,-1153741.642735578
REMIND-MAgPIE 2.1-4.2,EN_INDCi2030_800f,USA,C3,P3b,2073,0.00637999999999999,0.02339,65.3436,629.10783,1.7548400000000002,14.11624,3.3e-4,1e-4,Delayed action,1411624,0.02339,579097.2000000001,416892.1679999993,15378191.400000002,16374180.768000001,-14962556.768000001,-14962556.791390002,53,0.07532985809081565,-1127127.2797711787
REMIND-MAgPIE 2.1-4.2,EN_INDCi2030_800f,USA,C3,P3b,2074,0.00643999999999999,0.02372,65.3436,642.75444,1.77252,13.96312,3.4e-4,1e-4,Delayed action,1396312,0.02372,602656.8,420812.7839999993,15711775.200000001,16735244.784,-15338932.784,-15338932.80772,54,0.07174272199125299,-1100456.7920667657
REMIND-MAgPIE 2.1-4.2,EN_INDCi2030_800f,USA,C3,P3b,2075,0.0065,0.02405,65.3436,656.4010499999999,1.7902,13.81,3.5e-4,1e-4,Delayed action,1381000,0.02405,626570,424733.3999999999,16045359,17096662.4,-15715662.399999999,-15715662.424049998,55,0.06832640189643142,-1073794.6668542859
REMIND-MAgPIE 2.1-4.2,EN_INDCi2030_800f,USA,C3,P3b,2076,0.00656,0.02438,65.3436,670.04766,1.80788,13.65688,3.5999999999999997e-4,1e-4,Delayed action,1365688,0.02438,650836.7999999999,428654.01599999995,16378942.799999999,17458433.616,-16092745.616,-16092745.64038,56,0.06507276371088706,-1047199.4345158557
REMIND-MAgPIE 2.1-4.2,EN_INDCi2030_800f,USA,C3,P3b,2077,0.00662,0.02471,65.3436,683.69427,1.82556,13.50376,3.7e-4,1e-4,Delayed action,1350376,0.02471,675457.2,432574.6319999999,16712526.6,17820558.432,-16470182.432,-16470182.45671,57,0.06197406067703529,-1020724.0869339877
REMIND-MAgPIE 2.1-4.2,EN_INDCi2030_800f,USA,C3,P3b,2078,0.00667999999999999,0.02504,65.3436,697.34088,1.84324,13.35064,3.8e-4,1e-4,Delayed action,1335064,0.02504,700431.2000000001,436495.24799999926,17046110.4,18183036.847999997,-16847972.847999997,-16847972.873039998,58,0.059022914930509804,-994416.4696369767
REMIND-MAgPIE 2.1-4.2,EN_INDCi2030_800f,USA,C3,P3b,2079,0.00673999999999999,0.02537,65.3436,710.98749,1.86092,13.19752,3.900000000000001e-4,1e-4,Delayed action,1319752,0.02537,725758.8000000002,440415.8639999993,17379694.2,18545868.864,-17226116.864,-17226116.88937,59,0.056212299933818856,-968319.6492802892
REMIND-MAgPIE 2.1-4.2,EN_INDCi2030_800f,USA,C3,P3b,2080,0.0068,0.0257,65.3436,724.6341,1.8786,13.0444,4e-4,1e-4,Delayed action,1304440,0.0257,751440,444336.4799999999,17713278,18909054.48,-17604614.48,-17604614.5057,60,0.053535523746494146,-942472.2579177776
REMIND-MAgPIE 2.1-4.2,EN_INDCi2030_800f,USA,C3,P3b,2081,0.0068,0.02533,65.3436,738.28059,1.87315,12.97971,4e-4,1e-4,Delayed action,1297971,0.02533,749260,444336.4799999999,18046858.866666667,19240455.346666668,-17942484.346666668,-17942484.371996667,61,0.050986213091899185,-914819.331588693
REMIND-MAgPIE 2.1-4.2,EN_INDCi2030_800f,USA,C3,P3b,2082,0.0068,0.02496,65.3436,751.92708,1.8677,12.91502,4e-4,1e-4,Delayed action,1291502,0.02496,747080,444336.4799999999,18380439.733333334,19571856.213333335,-18280354.213333335,-18280354.238293335,62,0.048558298182761125,-887662.8919895489
REMIND-MAgPIE 2.1-4.2,EN_INDCi2030_800f,USA,C3,P3b,2083,0.0068,0.02459,65.3436,765.57357,1.86225,12.85033,4e-4,1e-4,Delayed action,1285033,0.02459,744900,444336.4799999999,18714020.6,19903257.080000002,-18618224.080000002,-18618224.104590002,63,0.04624599826929631,-861018.3597182401
REMIND-MAgPIE 2.1-4.2,EN_INDCi2030_800f,USA,C3,P3b,2084,0.0068,0.02422,65.3436,779.22006,1.8568,12.78564,4e-4,1e-4,Delayed action,1278564,0.02422,742720,444336.4799999999,19047601.46666667,20234657.94666667,-18956093.94666667,-18956093.97088667,64,0.04404380787552029,-834898.5609240411
REMIND-MAgPIE 2.1-4.2,EN_INDCi2030_800f,USA,C3,P3b,2085,0.0068,0.02385,65.3436,792.86655,1.85135,12.72095,4e-4,1e-4,Delayed action,1272095,0.02385,740540,444336.4799999999,19381182.333333332,20566058.813333333,-19293963.813333333,-19293963.837183334,65,0.0419464836909717,-809313.9394306085
REMIND-MAgPIE 2.1-4.2,EN_INDCi2030_800f,USA,C3,P3b,2086,0.0068,0.02348,65.3436,806.51304,1.8459,12.65626,4e-4,1e-4,Delayed action,1265626,0.02348,738360,444336.4799999999,19714763.200000003,20897459.680000003,-19631833.680000003,-19631833.703480005,66,0.03994903208663972,-784272.7545398978
REMIND-MAgPIE 2.1-4.2,EN_INDCi2030_800f,USA,C3,P3b,2087,0.0068,0.02311,65.3436,820.15953,1.84045,12.59157,4e-4,1e-4,Delayed action,1259157,0.02311,736180,444336.4799999999,20048344.066666666,21228860.546666667,-19969703.546666667,-19969703.569776665,67,0.03804669722537116,-759781.2653997063
REMIND-MAgPIE 2.1-4.2,EN_INDCi2030_800f,USA,C3,P3b,2088,0.0068,0.02274,65.3436,833.80602,1.835,12.52688,4e-4,1e-4,Delayed action,1252688,0.02274,734000,444336.4799999999,20381924.933333334,21560261.413333334,-20307573.413333334,-20307573.436073333,68,0.03623494973844872,-735843.9027659736
REMIND-MAgPIE 2.1-4.2,EN_INDCi2030_800f,USA,C3,P3b,2089,0.0068,0.02236999999999999,65.3436,847.4525100000001,1.82955,12.46219,4e-4,1e-4,Delayed action,1246219,0.02236999999999999,731820,444336.4799999999,20715505.8,21891662.28,-20645443.28,-20645443.30237,69,0.034509475941379736,-712463.428942257
REMIND-MAgPIE 2.1-4.2,EN_INDCi2030_800f,USA,C3,P3b,2090,0.0068,0.022,65.3436,861.099,1.8241,12.3975,4e-4,1e-4,Delayed action,1239750,0.022,729640,444336.4799999999,21049086.666666668,22223063.14666667,-20983313.14666667,-20983313.16866667,70,0.03286616756321879,-689641.0866328942
REMIND-MAgPIE 2.1-4.2,EN_INDCi2030_800f,USA,C3,P3b,2091,0.00675999999999999,0.02202999999999999,65.3436,874.74571,1.82091,12.44566,3.9e-4,1e-4,Delayed action,1244566,0.02202999999999999,710154.9,441722.7359999993,21382672.911111113,22534550.547111113,-21289984.547111113,-21289984.569141112,71,0.03130111196497028,-666400.1907311755
REMIND-MAgPIE 2.1-4.2,EN_INDCi2030_800f,USA,C3,P3b,2092,0.00671999999999999,0.02206,65.3436,888.39242,1.81772,12.49382,3.8e-4,1e-4,Delayed action,1249382,0.02206,690733.6000000001,439108.99199999927,21716259.155555557,22846101.747555558,-21596719.747555558,-21596719.769615557,72,0.029810582823781216,-643810.8034141178
REMIND-MAgPIE 2.1-4.2,EN_INDCi2030_800f,USA,C3,P3b,2093,0.00668,0.02209,65.3436,902.03913,1.81453,12.54198,3.7e-4,1e-4,Delayed action,1254198,0.02209,671376.1,436495.24799999996,22049845.400000002,23157716.748000003,-21903518.748000003,-21903518.770090003,73,0.028391031260744014,-621863.4861219185
REMIND-MAgPIE 2.1-4.2,EN_INDCi2030_800f,USA,C3,P3b,2094,0.00664,0.02212,65.3436,915.68584,1.81134,12.59014,3.5999999999999997e-4,1e-4,Delayed action,1259014,0.02212,652082.3999999999,433881.50399999996,22383431.644444443,23469395.548444442,-22210381.548444442,-22210381.57056444,74,0.027039077391184774,-600548.2261742359
REMIND-MAgPIE 2.1-4.2,EN_INDCi2030_800f,USA,C3,P3b,2095,0.0066,0.02215,65.3436,929.33255,1.80815,12.6383,3.5e-4,1e-4,Delayed action,1263830,0.02215,632852.5,431267.75999999995,22717017.888888888,23781138.14888889,-22517308.14888889,-22517308.17103889,75,0.02575150227731883,-579854.5126455978
REMIND-MAgPIE 2.1-4.2,EN_INDCi2030_800f,USA,C3,P3b,2096,0.00656,0.02218,65.3436,942.97926,1.80496,12.68646,3.4e-4,1e-4,Delayed action,1268646,0.02218,613686.4,428654.01599999995,23050604.133333333,24092944.549333334,-22824298.549333334,-22824298.571513332,76,0.02452524026411317,-559771.4063262194
REMIND-MAgPIE 2.1-4.2,EN_INDCi2030_800f,USA,C3,P3b,2097,0.00652,0.02221,65.3436,956.62597,1.80177,12.73462,3.3e-4,1e-4,Delayed action,1273462,0.02221,594584.1,426040.27199999994,23384190.37777778,24404814.749777783,-23131352.749777783,-23131352.77198778,77,0.02335737168010778,-540287.60415901
REMIND-MAgPIE 2.1-4.2,EN_INDCi2030_800f,USA,C3,P3b,2098,0.00648,0.02224,65.3436,970.27268,1.79858,12.78278,3.1999999999999997e-4,1e-4,Delayed action,1278278,0.02224,575545.6,423426.52799999993,23717776.622222222,24716748.75022222,-23438470.75022222,-23438470.772462223,78,0.022245115885816933,-521391.49851975526
REMIND-MAgPIE 2.1-4.2,EN_INDCi2030_800f,USA,C3,P3b,2099,0.00644,0.02227,65.3436,983.91939,1.79539,12.83094,3.0999999999999995e-4,1e-4,Delayed action,1283094,0.02227,556570.8999999999,420812.784,24051362.866666667,25028746.550666668,-23745652.550666668,-23745652.57293667,79,0.021185824653158984,-503071.23168506974
REMIND-MAgPIE 2.1-4.2,EN_INDCi2030_800f,USA,C3,P3b,2100,0.0064,0.0223,65.3436,997.5661,1.7922,12.8791,3e-4,1e-4,Delayed action,1287910,0.0223,537660,418199.04,24384949.111111112,25340808.15111111,-24052898.15111111,-24052898.173411112,80,0.02017697586015141,-485314.745811596
REMIND-MAgPIE 2.1-4.2,EN_INDCi2100,USA,C5,P1c,2020,224.6969,0.0039,71.7169,26.786900000000003,1.7543,21.3421,11.0944,4.2526,Baseline,90759414460,0.0039,19462905920,16114565107.61,27845637340.88889,63423108368.498886,27336306091.501114,27336306091.497215,0,1,27336306091.497215
REMIND-MAgPIE 2.1-4.2,EN_INDCi2100,USA,C5,P1c,2021,193.28608,0.00622,71.58941999999999,42.85914,1.78082,23.21344,9.56986,3.67092,Baseline,85214681164.8,0.00622,17042198085.2,13837238361.273598,38459049251.03999,69338485697.5136,15876195467.286407,15876195467.280188,1,0.9523809523809523,15120186159.314463
REMIND-MAgPIE 2.1-4.2,EN_INDCi2100,USA,C5,P1c,2022,161.87526,0.00853999999999999,71.46194,58.93138,1.80734,25.08478,8.04532,3.08924,Baseline,77492905767.20001,0.00853999999999999,14540628648.800001,11567920117.6044,44501887552.51556,70610436318.91995,6882469448.28006,6882469448.27152,2,0.9070294784580498,6242602674.169178
REMIND-MAgPIE 2.1-4.2,EN_INDCi2100,USA,C5,P1c,2023,130.46444,0.01085999999999999,71.33445999999999,75.00362,1.83386,26.95612,6.52078,2.50756,Baseline,67594088267.2,0.01085999999999999,11958197610.800001,9306610376.6024,45974152245.315544,67238960232.71794,355128034.48205566,355128034.47119564,3,0.863837598531476,306772948.46880084
REMIND-MAgPIE 2.1-4.2,EN_INDCi2100,USA,C5,P1c,2024,99.05362,0.01318,71.20698,91.07586,1.86038,28.82746,4.99624,1.92588,Baseline,55518228664.8,0.01318,9294904971.2,7053309138.2676,42875843329.44,59224057438.90761,-3705828774.107605,-3705828774.1207848,4,0.8227024747918819,-3048794503.6241355
REMIND-MAgPIE 2.1-4.2,EN_INDCi2100,USA,C5,P1c,2025,67.6428,0.0155,71.0795,107.1481,1.8869,30.6988,3.4717,1.3442,Baseline,41265326960,0.0155,6550750730,4808016402.599999,35206960804.888885,46565727937.488884,-5300400977.488884,-5300400977.504384,5,0.7835261664684589,-4153002858.649682
REMIND-MAgPIE 2.1-4.2,EN_INDCi2100,USA,C5,P1c,2026,54.27101999999999,0.0171,70.95204,107.4449,1.88518,30.108,2.7849999999999997,1.07834,Baseline,32466660720.000004,0.0171,5250226299.999999,3850639581.8807993,28321854847.244446,37422720729.125244,-4956060009.12524,-4956060009.142341,6,0.7462153966366275,-3698288285.4770794
REMIND-MAgPIE 2.1-4.2,EN_INDCi2100,USA,C5,P1c,2027,40.89923999999999,0.0187,70.82458,107.7417,1.88346,29.517200000000003,2.0982999999999996,0.81248,Baseline,23982134656.000004,0.0187,3952064117.999999,2896671495.3191996,21398172012.8,28246907626.119198,-4264772970.119194,-4264772970.137894,7,0.7106813301301214,-3030894527.120587
REMIND-MAgPIE 2.1-4.2,EN_INDCi2100,USA,C5,P1c,2028,27.52746,0.0203,70.69712,108.0385,1.88174,28.9264,1.4116,0.54662,Baseline,15811748768,0.0203,2656264184,1946112142.9152,14435912301.555553,19038288628.470753,-3226539860.4707527,-3226539860.4910526,8,0.676839362028687,-2183849180.734893
REMIND-MAgPIE 2.1-4.2,EN_INDCi2100,USA,C5,P1c,2029,14.155679999999997,0.0219,70.56966,108.3353,1.88002,28.335600000000003,0.7248999999999994,0.2807599999999999,Baseline,7955503055.999998,0.0219,1362826497.999999,998961524.6687998,7435075713.5111065,9796863736.179905,-1841360680.1799068,-1841360680.2018068,9,0.6446089162177971,-1186957512.4309525
REMIND-MAgPIE 2.1-4.2,EN_INDCi2100,USA,C5,P1c,2030,0.7839,0.0235,70.4422,108.6321,1.8783,27.744800000000005,0.0382,0.0149,Baseline,413397520.00000006,0.0235,71751060,55219640.580000006,395662248.6666666,522632949.24666667,-109235429.24666661,-109235429.2701666,10,0.6139132535407591,-67061077.78516945
REMIND-MAgPIE 2.1-4.2,EN_INDCi2100,USA,C5,P1c,2031,0.74294,0.02348,70.31474,108.87864,1.8629,26.056240000000003,0.03616,0.01412,Baseline,367914108.8000001,0.02348,67362464,52239632.935600005,375800674.7733334,495402771.70893335,-127488662.90893328,-127488662.93241328,11,0.5846792890864372,-74539980.80990382
REMIND-MAgPIE 2.1-4.2,EN_INDCi2100,USA,C5,P1c,2032,0.70198,0.02346,70.18728,109.12518,1.8475,24.367680000000004,0.03412,0.01334,Baseline,325064851.20000005,0.02346,63036699.99999999,49270066.8144,355845086.96,468151853.7744,-143087002.57439995,-143087002.59785995,12,0.5568374181775593,-79676197.10135806
REMIND-MAgPIE 2.1-4.2,EN_INDCi2100,USA,C5,P1c,2033,0.6610199999999999,0.02344,70.05982,109.37172,1.8321,22.67912,0.03208,0.01256,Baseline,284849747.2,0.02344,58773767.99999999,46310942.2164,335795485.2266666,440880195.4430666,-156030448.2430666,-156030448.2665066,13,0.5303213506452945,-82746278.06648454
REMIND-MAgPIE 2.1-4.2,EN_INDCi2100,USA,C5,P1c,2034,0.62005999999999994,0.02342,69.93236,109.61826,1.8167,20.99056,0.03003999999999999,0.01177999999999999,Baseline,247268796.7999998,0.02342,54573667.999999985,43362259.1416,315651869.573333,413587796.71493304,-166318999.91493323,-166318999.93835324,14,0.5050679529955185,-84002396.84312585
REMIND-MAgPIE 2.1-4.2,EN_INDCi2100,USA,C5,P1c,2035,0.5791,0.0234,69.8049,109.8648,1.8013,19.302,0.028,0.011,Baseline,212322000,0.0234,50436400,40424017.589999996,295414239.99999994,386274657.5899999,-173952657.5899999,-173952657.61339992,15,0.48101709809097004,-83674202.57040972
REMIND-MAgPIE 2.1-4.2,EN_INDCi2100,USA,C5,P1c,2036,0.5397799999999999,0.02336,69.67742,110.05308,1.7631,18.60282,0.02606,0.01026,Baseline,190864933.2,0.02336,45946386,37610477.76759999,276013124.64,359569988.4076,-168705055.2076,-168705055.23096,16,0.4581115219914,-77285729.61949828
REMIND-MAgPIE 2.1-4.2,EN_INDCi2100,USA,C5,P1c,2037,0.5004599999999999,0.02332,69.54994,110.24136,1.7249,17.90364,0.02412,0.00951999999999999,Baseline,170442652.79999983,0.02332,41604588,34806962.972399995,256543893.75999972,332955444.7323997,-162512791.93239987,-162512791.95571986,17,0.4362966876108571,-70903792.82467292
REMIND-MAgPIE 2.1-4.2,EN_INDCi2100,USA,C5,P1c,2038,0.46114,0.02328,69.42246,110.42964,1.6867,17.20446,0.02218,0.00878,Baseline,151055158.79999998,0.02328,37411006,32013473.2044,237006547.35999998,306431026.56439996,-155375867.76439998,-155375867.78767997,18,0.41552065486748296,-64561882.333740234
REMIND-MAgPIE 2.1-4.2,EN_INDCi2100,USA,C5,P1c,2039,0.42182,0.02324,69.29498000000001,110.61792,1.6485,16.50528,0.02024,0.00804,Baseline,132702451.2,0.02324,33365640,29230008.463600006,217401085.44,279996733.9036,-147294282.7036,-147294282.72684,19,0.39573395701665043,-58289349.34942165
REMIND-MAgPIE 2.1-4.2,EN_INDCi2100,USA,C5,P1c,2040,0.3825,0.0232,69.1675,110.8062,1.6103,15.8061,0.0183,0.0073,Baseline,115384530,0.0232,29468490,26456568.75,197727508,253652566.75,-138268036.75,-138268036.7732,20,0.3768894828730004,-52111768.87731635
REMIND-MAgPIE 2.1-4.2,EN_INDCi2100,USA,C5,P1c,2041,0.34632,0.02336,69.04004,110.92868,1.6324,15.71252,0.01656,0.0066,Baseline,103702632,0.02336,27032543.999999996,23909946.6528,178964937.06666663,229907427.71946663,-126204795.71946663,-126204795.74282663,21,0.35894236464095275,-45300247.812958635
REMIND-MAgPIE 2.1-4.2,EN_INDCi2100,USA,C5,P1c,2042,0.31013999999999997,0.02352,68.91258,111.05116,1.6545,15.61894,0.01482,0.0059,Baseline,92151746,0.02352,24519690,21372547.561199997,160160450.75555554,206052688.31675553,-113900942.31675553,-113900942.34027553,22,0.3418498710866216,-38937022.45566791
REMIND-MAgPIE 2.1-4.2,EN_INDCi2100,USA,C5,P1c,2043,0.27396,0.02368,68.78511999999999,111.17364,1.6766,15.52536,0.01308,0.0052,Baseline,80731872,0.02368,21929928,18844371.475199994,141314049.06666666,182088348.54186666,-101356476.54186666,-101356476.56554666,23,0.3255713057967825,-32998760.42640601
REMIND-MAgPIE 2.1-4.2,EN_INDCi2100,USA,C5,P1c,2044,0.23778,0.02384,68.65765999999999,111.29612,1.6987,15.43178,0.01134,0.0045,Baseline,69443010,0.02384,19263258,16325418.3948,122425731.99999997,158014408.39479998,-88571398.39479998,-88571398.41863997,24,0.31006791028264996,-27463148.418479703
REMIND-MAgPIE 2.1-4.2,EN_INDCi2100,USA,C5,P1c,2045,0.2016,0.024,68.5302,111.4186,1.7208,15.3382,0.0096,0.0038,Baseline,58285160,0.024,16519679.999999998,13815688.32,103495499.55555555,133830867.87555555,-75545707.87555555,-75545707.89955555,25,0.29530277169776187,-22308856.932608258
REMIND-MAgPIE 2.1-4.2,EN_INDCi2100,USA,C5,P1c,2046,0.1736,0.0246,68.40271999999999,111.46558,1.7357200000000002,15.2652,0.00826,0.00328,Baseline,50069856,0.0246,14337047.200000001,11874712.191999998,89370625.03111109,115582384.42311108,-65512528.42311108,-65512528.44771108,26,0.28124073495024937,-18424791.649083383
REMIND-MAgPIE 2.1-4.2,EN_INDCi2100,USA,C5,P1c,2047,0.1456,0.0252,68.27524,111.51256,1.7506400000000002,15.1922,0.00691999999999999,0.00276,Baseline,41930472,0.0252,12114428.799999984,9940874.944,75233807.14666666,97289110.89066665,-55358638.89066665,-55358638.91586665,27,0.26784831900023753,-14827718.375756014
REMIND-MAgPIE 2.1-4.2,EN_INDCi2100,USA,C5,P1c,2048,0.1176,0.0258,68.14775999999999,111.55954,1.76556,15.1192,0.00558,0.00224,Baseline,33867008,0.0258,9851824.799999999,8014176.575999998,61085045.902222216,78951047.2782222,-45084039.2782222,-45084039.3040222,28,0.2550936371430833,-11500651.563164745
REMIND-MAgPIE 2.1-4.2,EN_INDCi2100,USA,C5,P1c,2049,0.08959999999999999,0.0264,68.02028,111.60652,1.78048,15.0462,0.00423999999999999,0.00172,Baseline,25879464,0.0264,7549235.1999999825,6094617.087999999,46924341.29777777,60568193.58577775,-34688729.58577775,-34688729.61217775,29,0.24294632108865077,-8427499.242517523
REMIND-MAgPIE 2.1-4.2,EN_INDCi2100,USA,C5,P1c,2050,0.0616,0.027,67.8928,111.6535,1.7954,14.9732,0.0029,0.0012,Baseline,17967840,0.027,5206660,4182196.48,32751693.33333333,42140549.81333333,-24172709.813333333,-24172709.84033333,30,0.23137744865585788,-5593019.929954676
REMIND-MAgPIE 2.1-4.2,EN_INDCi2100,USA,C5,P1c,2051,0.05054,0.02618,67.76534,111.61498,1.76002,14.71694,0.00237999999999999,9.8e-4,Baseline,14422601.2,0.02618,4188847.599999983,3424860.2836,26737988.54222222,34351696.425822206,-19929095.225822207,-19929095.252002206,31,0.22035947491034083,-4391564.965169373
REMIND-MAgPIE 2.1-4.2,EN_INDCi2100,USA,C5,P1c,2052,0.03948,0.02536,67.63788,111.57646,1.72464,14.46068,0.00185999999999999,7.599999999999999e-4,Baseline,10990116.799999999,0.02536,3207830.3999999827,2670343.5024,20728426.791111104,26606600.693511087,-15616483.893511089,-15616483.918871088,32,0.20986616658127696,-3277371.6155316327
REMIND-MAgPIE 2.1-4.2,EN_INDCi2100,USA,C5,P1c,2053,0.02842,0.02454,67.51042,111.53794,1.68926,14.20442,0.00133999999999999,5.4e-4,Baseline,7670386.8,0.02454,2263608.399999983,1918646.1364,14723008.08,18905262.61639998,-11234875.81639998,-11234875.84093998,33,0.19987253960121615,-2245543.166433023
REMIND-MAgPIE 2.1-4.2,EN_INDCi2100,USA,C5,P1c,2054,0.01736,0.02371999999999999,67.38296,111.49942,1.6538799999999998,13.94816,8.2e-4,3.1999999999999997e-4,Baseline,4463411.199999999,0.02371999999999999,1356181.5999999999,1169768.1856,8721732.408888888,11247682.194488887,-6784270.9944888875,-6784271.018208887,34,0.19035479962020585,-1291418.5502403227
REMIND-MAgPIE 2.1-4.2,EN_INDCi2100,USA,C5,P1c,2055,0.0063,0.0229,67.2555,111.4609,1.6184999999999998,13.6919,3e-4,1e-4,Baseline,1369190,0.0229,485549.9999999999,423709.65,2724599.7777777775,3633859.4277777774,-2264669.4277777774,-2264669.4506777776,35,0.181290285352577,-410562.5709426381
REMIND-MAgPIE 2.1-4.2,EN_INDCi2100,USA,C5,P1c,2056,0.00628,0.02296,67.12806,111.32586,1.69854,13.6787,3e-4,1e-4,Baseline,1367870,0.02296,509561.99999999994,421564.2168,2721298.8000000003,3652425.0168000003,-2284555.0168000003,-2284555.0397600005,36,0.1726574146215019,-394445.36672548414
REMIND-MAgPIE 2.1-4.2,EN_INDCi2100,USA,C5,P1c,2057,0.00626,0.02302,67.00062,111.19082,1.7785799999999998,13.6655,3e-4,1e-4,Baseline,1366550,0.02302,533573.9999999999,419423.8812,2717997.8222222226,3670995.7034222223,-2304445.7034222223,-2304445.7264422225,37,0.16443563297285893,-378932.9916791266
REMIND-MAgPIE 2.1-4.2,EN_INDCi2100,USA,C5,P1c,2058,0.00624,0.02308,66.87318,111.05578,1.85862,13.6523,3e-4,1e-4,Baseline,1365230,0.02308,557586,417288.64320000005,2714696.8444444444,3689571.487644444,-2324341.487644444,-2324341.5107244444,38,0.15660536473605613,-364004.35005815735
REMIND-MAgPIE 2.1-4.2,EN_INDCi2100,USA,C5,P1c,2059,0.00622,0.02313999999999999,66.74574,110.92074,1.93866,13.6391,3e-4,1e-4,Baseline,1363910,0.02313999999999999,581598,415158.5028,2711395.8666666667,3708152.3694666666,-2344242.3694666666,-2344242.392606667,39,0.14914796641529154,-349638.98564180185
REMIND-MAgPIE 2.1-4.2,EN_INDCi2100,USA,C5,P1c,2060,0.0062,0.0232,66.6183,110.7857,2.0187,13.6259,3e-4,1e-4,Baseline,1362590,0.0232,605610,413033.46,2708094.888888889,3726738.348888889,-2364148.348888889,-2364148.372088889,40,0.14204568230027764,-335817.06857245695
REMIND-MAgPIE 2.1-4.2,EN_INDCi2100,USA,C5,P1c,2061,0.0062,0.0231,66.49083,110.48067,2.04979,13.63743,3e-4,1e-4,Baseline,1363743,0.0231,614936.9999999999,412243.146,2700638.6,3727818.7460000003,-2364075.7460000003,-2364075.7691,41,0.13528160219074062,-319815.95774415537
REMIND-MAgPIE 2.1-4.2,EN_INDCi2100,USA,C5,P1c,2062,0.0062,0.023,66.36336,110.17564,2.08088,13.64896,3e-4,1e-4,Baseline,1364896,0.023,624264,411452.832,2693182.311111111,3728899.143111111,-2364003.143111111,-2364003.166111111,42,0.12883962113403868,-304577.2722814235
REMIND-MAgPIE 2.1-4.2,EN_INDCi2100,USA,C5,P1c,2063,0.0062,0.0229,66.23589,109.87061,2.11197,13.66049,3e-4,1e-4,Baseline,1366049,0.0229,633591,410662.518,2685726.0222222223,3729979.540222222,-2363930.540222222,-2363930.563122222,43,0.12270440108003683,-290064.6839427065
REMIND-MAgPIE 2.1-4.2,EN_INDCi2100,USA,C5,P1c,2064,0.0062,0.0228,66.10842,109.56558,2.14306,13.67202,3e-4,1e-4,Baseline,1367202,0.0228,642918,409872.2039999999,2678269.7333333334,3731059.9373333333,-2363857.9373333333,-2363857.960133333,44,0.11686133436193984,-276243.5954632745
REMIND-MAgPIE 2.1-4.2,EN_INDCi2100,USA,C5,P1c,2065,0.0062,0.02269999999999999,65.980950000000007,109.26055,2.17415,13.68355,3e-4,1e-4,Baseline,1368355,0.02269999999999999,652245,409081.89,2670813.4444444445,3732140.3344444446,-2363785.3344444446,-2363785.3571444447,45,0.11129650891613317,-263081.0580772517
REMIND-MAgPIE 2.1-4.2,EN_INDCi2100,USA,C5,P1c,2066,0.0062,0.0226,65.85348,108.95552,2.20524,13.69508,3e-4,1e-4,Baseline,1369508,0.0226,661572,408291.57600000006,2663357.1555555556,3733220.731555556,-2363712.731555556,-2363712.7541555557,46,0.10599667515822206,-250545.69296957285
REMIND-MAgPIE 2.1-4.2,EN_INDCi2100,USA,C5,P1c,2067,0.0062,0.0225,65.72601,108.65049,2.23633,13.70661,3e-4,1e-4,Baseline,1370661,0.0225,670898.9999999999,407501.262,2655900.8666666667,3734301.1286666663,-2363640.1286666663,-2363640.1511666663,47,0.10094921443640195,-238607.6164706133
REMIND-MAgPIE 2.1-4.2,EN_INDCi2100,USA,C5,P1c,2068,0.0062,0.0224,65.59854,108.34546,2.26742,13.71814,3e-4,1e-4,Baseline,1371814,0.0224,680225.9999999999,406710.948,2648444.577777778,3735381.5257777777,-2363567.5257777777,-2363567.548177778,48,0.09614210898704947,-227238.36881516123
REMIND-MAgPIE 2.1-4.2,EN_INDCi2100,USA,C5,P1c,2069,0.0062,0.0223,65.47107,108.04043,2.2985100000000003,13.72967,3e-4,1e-4,Baseline,1372967,0.0223,689553.0000000001,405920.63399999996,2640988.288888889,3736461.922888889,-2363494.922888889,-2363494.945188889,49,0.0915639133209995,-216410.84629589587
REMIND-MAgPIE 2.1-4.2,EN_INDCi2100,USA,C5,P1c,2070,0.0062,0.0222,65.3436,107.7354,2.3296,13.7412,3e-4,1e-4,Baseline,1374120,0.0222,698879.9999999999,405130.31999999995,2633532,3737542.32,-2363422.32,-2363422.3422,50,0.08720372697238048,-206099.23664963277
REMIND-MAgPIE 2.1-4.2,EN_INDCi2100,USA,C5,P1c,2071,0.00624,0.02255,65.3436,107.15576,2.35278,13.62396,3e-4,1e-4,Baseline,1362396,0.02255,705833.9999999999,407744.06399999995,2619363.0222222223,3732941.086222222,-2370545.086222222,-2370545.108772222,51,0.08305116854512426,-196876.54137246174
REMIND-MAgPIE 2.1-4.2,EN_INDCi2100,USA,C5,P1c,2072,0.00628,0.0229,65.3436,106.57612,2.37596,13.50672,3e-4,1e-4,Baseline,1350672,0.0229,712787.9999999999,410357.80799999996,2605194.0444444446,3728339.8524444443,-2377667.8524444443,-2377667.8753444445,52,0.07909635099535643,-188064.85281862758
REMIND-MAgPIE 2.1-4.2,EN_INDCi2100,USA,C5,P1c,2073,0.00632,0.02325,65.3436,105.99648,2.39914,13.38948,3e-4,1e-4,Baseline,1338948,0.02325,719741.9999999999,412971.55199999997,2591025.066666667,3723738.6186666666,-2384790.6186666666,-2384790.6419166666,53,0.07532985809081565,-179645.94063188764
REMIND-MAgPIE 2.1-4.2,EN_INDCi2100,USA,C5,P1c,2074,0.00636,0.0236,65.3436,105.41684,2.42232,13.27224,3e-4,1e-4,Baseline,1327224,0.0236,726695.9999999999,415585.296,2576856.0888888887,3719137.3848888883,-2391913.3848888883,-2391913.4084888883,54,0.07174272199125299,-171602.37869236866
REMIND-MAgPIE 2.1-4.2,EN_INDCi2100,USA,C5,P1c,2075,0.00639999999999999,0.02395,65.3436,104.8372,2.4455,13.155,3e-4,1e-4,Baseline,1315500,0.02395,733649.9999999999,418199.0399999993,2562687.111111111,3714536.15111111,-2399036.15111111,-2399036.17506111,55,0.06832640189643142,-163917.509861303
REMIND-MAgPIE 2.1-4.2,EN_INDCi2100,USA,C5,P1c,2076,0.00643999999999999,0.0243,65.3436,104.25756,2.46868,13.03776,3e-4,1e-4,Baseline,1303776,0.0243,740603.9999999999,420812.7839999993,2548518.1333333333,3709934.9173333324,-2406158.9173333324,-2406158.9416333325,56,0.06507276371088706,-156575.41225974396
REMIND-MAgPIE 2.1-4.2,EN_INDCi2100,USA,C5,P1c,2077,0.00648,0.02465,65.3436,103.67792,2.49186,12.92052,3e-4,1e-4,Baseline,1292052,0.02465,747557.9999999999,423426.52799999993,2534349.1555555556,3705333.6835555555,-2413281.6835555555,-2413281.7082055556,57,0.06197406067703529,-149560.86701511047
REMIND-MAgPIE 2.1-4.2,EN_INDCi2100,USA,C5,P1c,2078,0.00652,0.025,65.3436,103.09828,2.51504,12.80328,3e-4,1e-4,Baseline,1280328,0.025,754511.9999999999,426040.27199999994,2520180.177777778,3700732.449777778,-2420404.449777778,-2420404.4747777777,58,0.059022914930509804,-142859.32741223404
REMIND-MAgPIE 2.1-4.2,EN_INDCi2100,USA,C5,P1c,2079,0.00656,0.02535,65.3436,102.51864,2.53822,12.68604,3e-4,1e-4,Baseline,1268604,0.02535,761465.9999999999,428654.01599999995,2506011.2,3696131.216,-2427527.216,-2427527.24135,59,0.056212299933818856,-136456.88938828206
REMIND-MAgPIE 2.1-4.2,EN_INDCi2100,USA,C5,P1c,2080,0.0066,0.0257,65.3436,101.939,2.5614,12.5688,3e-4,1e-4,Baseline,1256880,0.0257,768419.9999999999,431267.75999999995,2491842.222222222,3691529.982222222,-2434649.982222222,-2434650.007922222,60,0.053535523746494146,-130340.26331352227
REMIND-MAgPIE 2.1-4.2,EN_INDCi2100,USA,C5,P1c,2081,0.00662,0.02535,65.3436,101.01758,2.56034,12.50552,3.1e-4,1e-4,Baseline,1250552,0.02535,793705.4,432574.6319999999,2469318.6222222224,3695598.654222222,-2445046.654222222,-2445046.679572222,61,0.050986213091899185,-124663.67102430985
REMIND-MAgPIE 2.1-4.2,EN_INDCi2100,USA,C5,P1c,2082,0.00664,0.025,65.3436,100.09616,2.5592800000000002,12.44224,3.1999999999999997e-4,1e-4,Baseline,1244224,0.025,818969.6,433881.50399999996,2446795.0222222223,3699646.126222222,-2455422.126222222,-2455422.151222222,62,0.048558298182761125,-119231.12098360543
REMIND-MAgPIE 2.1-4.2,EN_INDCi2100,USA,C5,P1c,2083,0.00666,0.02465,65.3436,99.17474,2.55822,12.37896,3.3e-4,1e-4,Baseline,1237896,0.02465,844212.6,435188.37599999993,2424271.422222222,3703672.398222222,-2465776.398222222,-2465776.422872222,63,0.04624599826929631,-114032.29218462043
REMIND-MAgPIE 2.1-4.2,EN_INDCi2100,USA,C5,P1c,2084,0.00668,0.0243,65.3436,98.25332,2.55716,12.31568,3.4e-4,1e-4,Baseline,1231568,0.0243,869434.4,436495.24799999996,2401747.8222222226,3707677.4702222226,-2476109.4702222226,-2476109.494522223,64,0.04404380787552029,-109057.29085548845
REMIND-MAgPIE 2.1-4.2,EN_INDCi2100,USA,C5,P1c,2085,0.00669999999999999,0.02395,65.3436,97.3319,2.5561,12.2524,3.5e-4,1e-4,Baseline,1225240,0.02395,894635,437802.1199999993,2379224.2222222225,3711661.3422222217,-2486421.3422222217,-2486421.3661722215,65,0.0419464836909717,-104296.63328502666
REMIND-MAgPIE 2.1-4.2,EN_INDCi2100,USA,C5,P1c,2086,0.00671999999999999,0.0236,65.3436,96.41048,2.55504,12.18912,3.5999999999999997e-4,1e-4,Baseline,1218912,0.0236,919814.3999999999,439108.99199999927,2356700.6222222224,3715624.0142222214,-2496712.0142222214,-2496712.0378222214,66,0.03994903208663972,-99741.22931005956
REMIND-MAgPIE 2.1-4.2,EN_INDCi2100,USA,C5,P1c,2087,0.00673999999999999,0.02325,65.3436,95.48906,2.55398,12.12584,3.7e-4,1e-4,Baseline,1212584,0.02325,944972.6,440415.8639999993,2334177.0222222223,3719565.4862222215,-2506981.4862222215,-2506981.5094722216,67,0.03804669722537116,-95382.36644049357
REMIND-MAgPIE 2.1-4.2,EN_INDCi2100,USA,C5,P1c,2088,0.00675999999999999,0.0229,65.3436,94.56764,2.5529200000000003,12.06256,3.8e-4,1e-4,Baseline,1206256,0.0229,970109.6000000002,441722.7359999993,2311653.422222222,3723485.7582222214,-2517229.7582222214,-2517229.7811222216,68,0.03623494973844872,-91211.69459908997
REMIND-MAgPIE 2.1-4.2,EN_INDCi2100,USA,C5,P1c,2089,0.00678,0.02255,65.3436,93.64622,2.55186,11.99928,3.900000000000001e-4,1e-4,Baseline,1199928,0.02255,995225.4000000003,443029.60799999995,2289129.822222222,3727384.830222222,-2527456.830222222,-2527456.852772222,69,0.034509475941379736,-87221.21145361834
REMIND-MAgPIE 2.1-4.2,EN_INDCi2100,USA,C5,P1c,2090,0.0068,0.0222,65.3436,92.7248,2.5508,11.936,4e-4,1e-4,Baseline,1193600,0.0222,1020320,444336.4799999999,2266606.2222222225,3731262.7022222225,-2537662.7022222225,-2537662.7244222225,70,0.03286616756321879,-83403.24831979508
REMIND-MAgPIE 2.1-4.2,EN_INDCi2100,USA,C5,P1c,2091,0.00679,0.02222,65.3436,93.53286,2.5424200000000003,11.99048,3.9e-4,1e-4,Baseline,1199048,0.02222,991543.8000000002,443683.04399999994,2286358.8000000003,3721585.6440000003,-2522537.6440000003,-2522537.6662200005,71,0.03130111196497028,-78958.23392620706
REMIND-MAgPIE 2.1-4.2,EN_INDCi2100,USA,C5,P1c,2092,0.00678,0.02224,65.3436,94.34092,2.53404,12.04496,3.8e-4,1e-4,Baseline,1204496,0.02224,962935.2000000001,443029.60799999995,2306111.3777777776,3712076.185777778,-2507580.185777778,-2507580.2080177777,72,0.029810582823781216,-74752.42747838849
REMIND-MAgPIE 2.1-4.2,EN_INDCi2100,USA,C5,P1c,2093,0.00677,0.02226,65.3436,95.14898,2.52566,12.09944,3.7e-4,1e-4,Baseline,1209944,0.02226,934494.2,442376.17199999996,2325863.9555555554,3702734.3275555554,-2492790.3275555554,-2492790.3498155554,73,0.028391031260744014,-70772.88874809444
REMIND-MAgPIE 2.1-4.2,EN_INDCi2100,USA,C5,P1c,2094,0.00675999999999999,0.02228,65.3436,95.95704,2.51728,12.15392,3.5999999999999997e-4,1e-4,Baseline,1215392,0.02228,906220.7999999999,441722.7359999993,2345616.5333333337,3693560.0693333326,-2478168.0693333326,-2478168.0916133327,74,0.027039077391184774,-67007.37881749758
REMIND-MAgPIE 2.1-4.2,EN_INDCi2100,USA,C5,P1c,2095,0.00675,0.0223,65.3436,96.7651,2.5089,12.2084,3.5e-4,1e-4,Baseline,1220840,0.0223,878115,441069.29999999993,2365369.1111111115,3684553.4111111113,-2463713.4111111113,-2463713.433411111,75,0.02575150227731883,-63444.32209114722
REMIND-MAgPIE 2.1-4.2,EN_INDCi2100,USA,C5,P1c,2096,0.00674,0.02232,65.3436,97.57316,2.5005200000000003,12.26288,3.4e-4,1e-4,Baseline,1226288,0.02232,850176.8000000003,440415.86399999994,2385121.688888889,3675714.352888889,-2449426.352888889,-2449426.375208889,76,0.02452524026411317,-60072.77036125382
REMIND-MAgPIE 2.1-4.2,EN_INDCi2100,USA,C5,P1c,2097,0.00673,0.02234,65.3436,98.38122,2.49214,12.31736,3.3e-4,1e-4,Baseline,1231736,0.02234,822406.2,439762.42799999996,2404874.2666666666,3667042.8946666666,-2435306.8946666666,-2435306.917006667,77,0.02335737168010778,-56882.36881566211
REMIND-MAgPIE 2.1-4.2,EN_INDCi2100,USA,C5,P1c,2098,0.00672,0.02236,65.3436,99.18928,2.48376,12.37184,3.1999999999999997e-4,1e-4,Baseline,1237184,0.02236,794803.2,439108.99199999997,2424626.8444444444,3658539.036444444,-2421355.036444444,-2421355.058804444,78,0.022245115885816933,-53863.32388381393
REMIND-MAgPIE 2.1-4.2,EN_INDCi2100,USA,C5,P1c,2099,0.00671,0.02238,65.3436,99.99734,2.47538,12.42632,3.0999999999999995e-4,1e-4,Baseline,1242632,0.02238,767367.7999999998,438455.5559999999,2444379.422222222,3650202.778222222,-2407570.778222222,-2407570.800602222,79,0.021185824653158984,-51006.37282162427
REMIND-MAgPIE 2.1-4.2,EN_INDCi2100,USA,C5,P1c,2100,0.0067,0.0224,65.3436,100.8054,2.467,12.4808,3e-4,1e-4,Baseline,1248080,0.0224,740099.9999999999,437802.11999999994,2464132,3642034.12,-2393954.12,-2393954.1424000002,80,0.02017697586015141,-48302.75494151428
